model,before_acc_mean,before_acc_std,before_f1_mean,after_acc_mean,after_acc_std,after_f1_mean
SVM_RBF,0.984660766961652,0.01045430392133885,0.9844136347826158,0.9828908554572271,0.010286487182396855,0.9824341880084632
kNN_k5,0.9811174530030895,0.008864093961222983,0.9807118725639598,0.9811191984779459,0.009060231210863353,0.9805697213880133
